{"mean":{"confidence_interval":{"confidence_level":0.95,"lower_bound":-0.004807021454695026,"upper_bound":0.014629652420582605},"point_estimate":0.005110600347399741,"standard_error":0.00496440870486989},"median":{"confidence_interval":{"confidence_level":0.95,"lower_bound":0.005345036613401355,"upper_bound":0.022981843588877116},"point_estimate":0.016586330678191485,"standard_error":0.004722184621983724}}